,date,time_of_ride,location,lyft_surge,uber_surge,avg_temp,avg_rain,avg_wind
0,2018-11-26,10AM - 3PM,Back Bay,1.04,1.0,41.182,0.008,2.72
1,2018-11-26,10AM - 3PM,Beacon Hill,1.02,1.0,41.151,0.004,2.746
2,2018-11-26,10AM - 3PM,Boston University,1.02,1.0,41.036,0.01,2.675
3,2018-11-26,10AM - 3PM,Fenway,1.02,1.0,41.053,0.016,2.654
4,2018-11-26,10AM - 3PM,Financial District,1.01,1.0,41.126,0.004,2.758
5,2018-11-26,10AM - 3PM,Haymarket Square,1.05,1.0,41.226,0.004,2.778
6,2018-11-26,10AM - 3PM,North End,1.04,1.0,41.262,0.004,2.788
7,2018-11-26,10AM - 3PM,North Station,1.03,1.0,41.188,0.004,2.778
8,2018-11-26,10AM - 3PM,Northeastern University,1.04,1.0,41.135,0.009,2.661
9,2018-11-26,10AM - 3PM,South Station,1.03,1.0,41.134,0.004,2.746
10,2018-11-26,10AM - 3PM,Theatre District,1.02,1.0,41.195,0.004,2.732
11,2018-11-26,10AM - 3PM,West End,1.03,1.0,41.139,0.004,2.765
12,2018-11-26,10PM - 6AM,Back Bay,1.01,1.0,41.957,0.038,4.663
13,2018-11-26,10PM - 6AM,Beacon Hill,1.03,1.0,41.946,0.039,4.665
14,2018-11-26,10PM - 6AM,Boston University,1.03,1.0,41.917,0.04,4.548
15,2018-11-26,10PM - 6AM,Fenway,1.03,1.0,41.777,0.038,4.606
16,2018-11-26,10PM - 6AM,Financial District,1.05,1.0,42.173,0.036,4.749
17,2018-11-26,10PM - 6AM,Haymarket Square,1.01,1.0,41.955,0.04,4.69
18,2018-11-26,10PM - 6AM,North End,1.04,1.0,42.003,0.04,4.712
19,2018-11-26,10PM - 6AM,North Station,1.02,1.0,41.918,0.041,4.659
20,2018-11-26,10PM - 6AM,Northeastern University,1.03,1.0,41.785,0.035,4.672
21,2018-11-26,10PM - 6AM,South Station,1.02,1.0,42.14,0.034,4.778
22,2018-11-26,10PM - 6AM,Theatre District,1.03,1.0,41.835,0.035,4.735
23,2018-11-26,10PM - 6AM,West End,1.02,1.0,41.855,0.04,4.657
24,2018-11-26,3PM - 7PM,Back Bay,1.01,1.0,44.846,,5.182
25,2018-11-26,3PM - 7PM,Beacon Hill,1.02,1.0,44.754,,5.196
26,2018-11-26,3PM - 7PM,Boston University,1.04,1.0,44.762,,5.129
27,2018-11-26,3PM - 7PM,Fenway,1.04,1.0,44.926,,5.151
28,2018-11-26,3PM - 7PM,Financial District,1.03,1.0,44.976,,5.234
29,2018-11-26,3PM - 7PM,Haymarket Square,1.05,1.0,44.829,,5.22
30,2018-11-26,3PM - 7PM,North End,1.02,1.0,44.845,,5.23
31,2018-11-26,3PM - 7PM,North Station,1.04,1.0,44.855,,5.208
32,2018-11-26,3PM - 7PM,Northeastern University,1.01,1.0,44.984,,5.177
33,2018-11-26,3PM - 7PM,South Station,1.03,1.0,45.024,,5.239
34,2018-11-26,3PM - 7PM,Theatre District,1.02,1.0,44.925,,5.219
35,2018-11-26,3PM - 7PM,West End,1.01,1.0,44.835,,5.202
36,2018-11-26,6AM - 10AM,Back Bay,1.04,1.0,40.787,,1.41
37,2018-11-26,6AM - 10AM,Beacon Hill,1.03,1.0,40.785,,1.446
38,2018-11-26,6AM - 10AM,Boston University,1.06,1.0,40.695,,1.386
39,2018-11-26,6AM - 10AM,Fenway,1.02,1.0,40.613,,1.384
40,2018-11-26,6AM - 10AM,Financial District,1.01,1.0,41.71,,1.456
41,2018-11-26,6AM - 10AM,Haymarket Square,1.03,1.0,40.813,,1.445
42,2018-11-26,6AM - 10AM,North End,1.01,1.0,40.856,,1.47
43,2018-11-26,6AM - 10AM,North Station,1.02,1.0,40.773,,1.462
44,2018-11-26,6AM - 10AM,Northeastern University,1.01,1.0,40.672,,1.413
45,2018-11-26,6AM - 10AM,South Station,1.05,1.0,41.825,,1.454
46,2018-11-26,6AM - 10AM,Theatre District,1.07,1.0,40.737,,1.446
47,2018-11-26,6AM - 10AM,West End,1.04,1.0,40.719,,1.437
48,2018-11-26,7PM - 10PM,Back Bay,1.02,1.0,45.302,0.004,8.795
49,2018-11-26,7PM - 10PM,Beacon Hill,1.03,1.0,45.275,0.003,8.805
50,2018-11-26,7PM - 10PM,Boston University,1.04,1.0,45.317,0.005,8.738
51,2018-11-26,7PM - 10PM,Fenway,1.02,1.0,45.083,0.003,8.765
52,2018-11-26,7PM - 10PM,Financial District,1.04,1.0,45.878,0.0,8.845
53,2018-11-26,7PM - 10PM,Haymarket Square,1.03,1.0,45.238,,8.828
54,2018-11-26,7PM - 10PM,North End,1.03,1.0,45.282,0.003,8.835
55,2018-11-26,7PM - 10PM,North Station,1.06,1.0,45.165,0.0,8.81
56,2018-11-26,7PM - 10PM,Northeastern University,1.02,1.0,45.072,0.004,8.792
57,2018-11-26,7PM - 10PM,South Station,1.03,1.0,45.83,0.003,8.852
58,2018-11-26,7PM - 10PM,Theatre District,1.03,1.0,45.08,0.003,8.832
59,2018-11-26,7PM - 10PM,West End,1.01,1.0,45.113,0.003,8.807
60,2018-11-27,10AM - 3PM,Back Bay,1.03,1.0,44.703,0.015,5.698
61,2018-11-27,10AM - 3PM,Beacon Hill,1.04,1.0,44.713,0.018,5.758
62,2018-11-27,10AM - 3PM,Boston University,1.03,1.0,44.564,0.012,5.567
63,2018-11-27,10AM - 3PM,Fenway,1.03,1.0,44.545,0.016,5.383
64,2018-11-27,10AM - 3PM,Financial District,1.03,1.0,45.372,0.019,5.845
65,2018-11-27,10AM - 3PM,Haymarket Square,1.04,1.0,44.802,0.02,5.83
66,2018-11-27,10AM - 3PM,North End,1.02,1.0,44.632,0.021,5.662
67,2018-11-27,10AM - 3PM,North Station,1.04,1.0,44.757,0.022,5.805
68,2018-11-27,10AM - 3PM,Northeastern University,1.03,1.0,44.381,0.013,5.308
69,2018-11-27,10AM - 3PM,South Station,1.03,1.0,45.049,0.017,5.408
70,2018-11-27,10AM - 3PM,Theatre District,1.03,1.0,44.704,0.016,5.79
71,2018-11-27,10AM - 3PM,West End,1.03,1.0,44.696,0.02,5.781
72,2018-11-27,10PM - 6AM,Back Bay,1.04,1.0,43.447,0.151,11.488
73,2018-11-27,10PM - 6AM,Beacon Hill,1.03,1.0,43.406,0.156,11.461
74,2018-11-27,10PM - 6AM,Boston University,1.04,1.0,43.456,0.143,11.297
75,2018-11-27,10PM - 6AM,Fenway,1.03,1.0,43.299,0.136,11.259
76,2018-11-27,10PM - 6AM,Financial District,1.03,1.0,44.055,0.166,11.703
77,2018-11-27,10PM - 6AM,Haymarket Square,1.03,1.0,43.436,0.165,11.641
78,2018-11-27,10PM - 6AM,North End,1.03,1.0,43.424,0.164,11.466
79,2018-11-27,10PM - 6AM,North Station,1.02,1.0,43.431,0.163,11.707
80,2018-11-27,10PM - 6AM,Northeastern University,1.04,1.0,43.336,0.139,11.444
81,2018-11-27,10PM - 6AM,South Station,1.03,1.0,43.976,0.161,11.621
82,2018-11-27,10PM - 6AM,Theatre District,1.03,1.0,43.297,0.164,11.382
83,2018-11-27,10PM - 6AM,West End,1.03,1.0,43.408,0.164,11.754
84,2018-11-27,3PM - 7PM,Back Bay,1.02,1.0,41.279,,10.628
85,2018-11-27,3PM - 7PM,Beacon Hill,1.04,1.0,41.134,,11.246
86,2018-11-27,3PM - 7PM,Boston University,1.02,1.0,41.254,0.003,10.968
87,2018-11-27,3PM - 7PM,Fenway,1.02,1.0,41.375,0.003,11.0
88,2018-11-27,3PM - 7PM,Financial District,1.02,1.0,41.362,,11.365
89,2018-11-27,3PM - 7PM,Haymarket Square,1.05,1.0,41.206,,10.781
90,2018-11-27,3PM - 7PM,North End,1.01,1.0,41.177,,11.379
91,2018-11-27,3PM - 7PM,North Station,1.02,1.0,41.215,,10.998
92,2018-11-27,3PM - 7PM,Northeastern University,1.04,1.0,41.425,0.002,10.848
93,2018-11-27,3PM - 7PM,South Station,1.02,1.0,41.354,,10.794
94,2018-11-27,3PM - 7PM,Theatre District,1.04,1.0,41.242,,11.161
95,2018-11-27,3PM - 7PM,West End,1.02,1.0,41.188,,10.728
96,2018-11-27,6AM - 10AM,Back Bay,1.03,1.0,44.078,0.014,10.879
97,2018-11-27,6AM - 10AM,Beacon Hill,1.02,1.0,44.05,0.014,10.986
98,2018-11-27,6AM - 10AM,Boston University,1.04,1.0,44.076,0.015,10.76
99,2018-11-27,6AM - 10AM,Fenway,1.03,1.0,43.969,0.014,10.736
100,2018-11-27,6AM - 10AM,Financial District,1.05,1.0,44.095,0.013,9.901
101,2018-11-27,6AM - 10AM,Haymarket Square,1.03,1.0,44.04,0.014,11.084
102,2018-11-27,6AM - 10AM,North End,1.04,1.0,44.066,0.014,11.115
103,2018-11-27,6AM - 10AM,North Station,1.02,1.0,44.0,0.014,11.075
104,2018-11-27,6AM - 10AM,Northeastern University,1.03,1.0,43.84,0.013,10.451
105,2018-11-27,6AM - 10AM,South Station,1.04,1.0,44.198,0.012,10.256
106,2018-11-27,6AM - 10AM,Theatre District,1.02,1.0,43.978,0.013,10.974
107,2018-11-27,6AM - 10AM,West End,1.05,1.0,43.788,0.014,10.308
108,2018-11-27,7PM - 10PM,Back Bay,1.04,1.0,42.578,,9.042
109,2018-11-27,7PM - 10PM,Beacon Hill,1.04,1.0,42.558,,9.062
110,2018-11-27,7PM - 10PM,Boston University,1.04,1.0,42.582,0.002,8.967
111,2018-11-27,7PM - 10PM,Fenway,1.03,1.0,42.403,0.003,8.992
112,2018-11-27,7PM - 10PM,Financial District,1.03,1.0,42.843,,9.113
113,2018-11-27,7PM - 10PM,Haymarket Square,1.04,1.0,42.555,,9.092
114,2018-11-27,7PM - 10PM,North End,1.04,1.0,42.595,,9.107
115,2018-11-27,7PM - 10PM,North Station,1.05,1.0,42.31,,9.503
116,2018-11-27,7PM - 10PM,Northeastern University,1.05,1.0,42.41,0.003,9.028
117,2018-11-27,7PM - 10PM,South Station,1.04,1.0,42.81,0.002,9.117
118,2018-11-27,7PM - 10PM,Theatre District,1.02,1.0,42.44,,9.088
119,2018-11-27,7PM - 10PM,West End,1.03,1.0,42.257,,9.5
120,2018-11-28,10AM - 3PM,Back Bay,1.03,1.0,35.093,,7.161
121,2018-11-28,10AM - 3PM,Beacon Hill,1.03,1.0,35.087,,7.131
122,2018-11-28,10AM - 3PM,Boston University,1.02,1.0,35.124,,7.037
123,2018-11-28,10AM - 3PM,Fenway,1.04,1.0,35.051,,7.058
124,2018-11-28,10AM - 3PM,Financial District,1.05,1.0,35.453,,7.163
125,2018-11-28,10AM - 3PM,Haymarket Square,1.03,1.0,35.076,,7.148
126,2018-11-28,10AM - 3PM,North End,1.05,1.0,35.101,,7.156
127,2018-11-28,10AM - 3PM,North Station,1.02,1.0,35.095,,7.143
128,2018-11-28,10AM - 3PM,Northeastern University,1.03,1.0,35.043,,7.103
129,2018-11-28,10AM - 3PM,South Station,1.03,1.0,35.463,,7.167
130,2018-11-28,10AM - 3PM,Theatre District,1.02,1.0,35.005,,7.17
131,2018-11-28,10AM - 3PM,West End,1.04,1.0,35.046,,7.137
132,2018-11-28,10PM - 6AM,Back Bay,1.04,1.0,39.648,,9.831
133,2018-11-28,10PM - 6AM,Beacon Hill,1.03,1.0,39.608,,9.855
134,2018-11-28,10PM - 6AM,Boston University,1.04,1.0,39.636,,9.705
135,2018-11-28,10PM - 6AM,Fenway,1.06,1.0,39.496,,9.755
136,2018-11-28,10PM - 6AM,Financial District,1.05,1.0,40.146,,9.942
137,2018-11-28,10PM - 6AM,Haymarket Square,1.02,1.0,39.618,,10.06
138,2018-11-28,10PM - 6AM,North End,1.03,1.0,39.661,,9.915
139,2018-11-28,10PM - 6AM,North Station,1.03,1.0,39.585,,9.867
140,2018-11-28,10PM - 6AM,Northeastern University,1.04,1.0,39.53,,9.818
141,2018-11-28,10PM - 6AM,South Station,1.03,1.0,40.134,,9.954
142,2018-11-28,10PM - 6AM,Theatre District,1.02,1.0,39.557,,9.909
143,2018-11-28,10PM - 6AM,West End,1.03,1.0,39.535,,9.861
144,2018-11-28,3PM - 7PM,Back Bay,1.03,1.0,40.858,0.002,9.618
145,2018-11-28,3PM - 7PM,Beacon Hill,1.04,1.0,40.781,0.002,9.612
146,2018-11-28,3PM - 7PM,Boston University,1.04,1.0,40.788,0.002,9.626
147,2018-11-28,3PM - 7PM,Fenway,1.03,1.0,40.937,0.002,9.619
148,2018-11-28,3PM - 7PM,Financial District,1.02,1.0,40.916,0.002,9.604
149,2018-11-28,3PM - 7PM,Haymarket Square,1.05,1.0,40.882,0.002,9.603
150,2018-11-28,3PM - 7PM,North End,1.03,1.0,40.895,0.002,9.598
151,2018-11-28,3PM - 7PM,North Station,1.04,1.0,40.913,0.002,9.604
152,2018-11-28,3PM - 7PM,Northeastern University,1.03,1.0,40.97,0.002,9.617
153,2018-11-28,3PM - 7PM,South Station,1.04,1.0,40.948,0.003,9.604
154,2018-11-28,3PM - 7PM,Theatre District,1.03,1.0,40.932,0.001,9.609
155,2018-11-28,3PM - 7PM,West End,1.02,1.0,40.882,0.002,9.608
156,2018-11-28,6AM - 10AM,Back Bay,1.03,1.0,34.499,,6.102
157,2018-11-28,6AM - 10AM,Beacon Hill,1.05,1.0,34.478,,6.068
158,2018-11-28,6AM - 10AM,Boston University,1.03,1.0,34.502,,6.0
159,2018-11-28,6AM - 10AM,Fenway,1.05,1.0,34.358,,6.038
160,2018-11-28,6AM - 10AM,Financial District,1.02,1.0,35.104,,6.138
161,2018-11-28,6AM - 10AM,Haymarket Square,1.02,1.0,34.47,,6.103
162,2018-11-28,6AM - 10AM,North End,1.07,1.0,34.494,,6.122
163,2018-11-28,6AM - 10AM,North Station,1.03,1.0,34.446,,6.081
164,2018-11-28,6AM - 10AM,Northeastern University,1.01,1.0,34.344,,6.03
165,2018-11-28,6AM - 10AM,South Station,1.03,1.0,35.08,,6.144
166,2018-11-28,6AM - 10AM,Theatre District,1.01,1.0,34.366,,6.109
167,2018-11-28,6AM - 10AM,West End,1.03,1.0,34.4,,6.074
168,2018-11-28,7PM - 10PM,Back Bay,1.02,1.0,40.895,,9.469
169,2018-11-28,7PM - 10PM,Beacon Hill,1.02,1.0,40.88,,9.489
170,2018-11-28,7PM - 10PM,Boston University,1.01,1.0,40.937,,9.361
171,2018-11-28,7PM - 10PM,Fenway,1.05,1.0,40.725,,9.414
172,2018-11-28,7PM - 10PM,Financial District,1.03,1.0,41.323,,9.567
173,2018-11-28,7PM - 10PM,Haymarket Square,1.02,1.0,40.853,,9.51
174,2018-11-28,7PM - 10PM,North End,1.05,1.0,40.865,,9.539
175,2018-11-28,7PM - 10PM,North Station,1.01,1.0,40.795,,9.489
176,2018-11-28,7PM - 10PM,Northeastern University,1.05,1.0,40.676,,9.466
177,2018-11-28,7PM - 10PM,South Station,1.03,1.0,41.272,,9.573
178,2018-11-28,7PM - 10PM,Theatre District,1.04,1.0,40.662,,9.534
179,2018-11-28,7PM - 10PM,West End,1.02,1.0,40.714,,9.49
180,2018-11-29,10AM - 3PM,Back Bay,1.04,1.0,39.158,0.003,9.72
181,2018-11-29,10AM - 3PM,Beacon Hill,1.02,1.0,39.094,0.003,9.754
182,2018-11-29,10AM - 3PM,Boston University,1.06,1.0,39.11,0.003,9.598
183,2018-11-29,10AM - 3PM,Fenway,1.02,1.0,39.204,0.003,9.636
184,2018-11-29,10AM - 3PM,Financial District,1.04,1.0,39.332,0.003,9.838
185,2018-11-29,10AM - 3PM,Haymarket Square,1.05,1.0,39.188,0.003,9.806
186,2018-11-29,10AM - 3PM,North End,1.03,1.0,39.21,0.003,9.824
187,2018-11-29,10AM - 3PM,North Station,1.04,1.0,39.208,0.003,9.778
188,2018-11-29,10AM - 3PM,Northeastern University,1.02,1.0,39.232,0.003,9.698
189,2018-11-29,10AM - 3PM,South Station,1.02,1.0,39.35,,9.844
190,2018-11-29,10AM - 3PM,Theatre District,1.02,1.0,39.202,0.003,9.802
191,2018-11-29,10AM - 3PM,West End,1.03,1.0,39.174,0.003,9.768
192,2018-11-29,10PM - 6AM,Back Bay,1.03,1.0,38.305,0.002,10.108
193,2018-11-29,10PM - 6AM,Beacon Hill,1.03,1.0,38.274,0.002,10.155
194,2018-11-29,10PM - 6AM,Boston University,1.04,1.0,38.322,,9.986
195,2018-11-29,10PM - 6AM,Fenway,1.04,1.0,38.115,,10.043
196,2018-11-29,10PM - 6AM,Financial District,1.03,1.0,38.234,0.002,10.23
197,2018-11-29,10PM - 6AM,Haymarket Square,1.02,1.0,38.248,0.002,10.196
198,2018-11-29,10PM - 6AM,North End,1.04,1.0,38.281,0.002,10.224
199,2018-11-29,10PM - 6AM,North Station,1.04,1.0,38.196,0.002,10.181
200,2018-11-29,10PM - 6AM,Northeastern University,1.03,1.0,38.065,,10.095
201,2018-11-29,10PM - 6AM,South Station,1.03,1.0,38.169,0.002,10.243
202,2018-11-29,10PM - 6AM,Theatre District,1.03,1.0,38.08,0.002,10.202
203,2018-11-29,10PM - 6AM,West End,1.03,1.0,38.144,0.002,10.154
204,2018-11-29,3PM - 7PM,Back Bay,1.07,1.0,43.758,,11.262
205,2018-11-29,3PM - 7PM,Beacon Hill,1.02,1.0,43.672,,11.34
206,2018-11-29,3PM - 7PM,Boston University,1.04,1.0,43.708,,11.155
207,2018-11-29,3PM - 7PM,Fenway,1.01,1.0,43.818,,11.15
208,2018-11-29,3PM - 7PM,Financial District,1.01,1.0,43.785,,11.398
209,2018-11-29,3PM - 7PM,Haymarket Square,1.02,1.0,43.74,,11.413
210,2018-11-29,3PM - 7PM,North End,1.02,1.0,43.755,,11.435
211,2018-11-29,3PM - 7PM,North Station,1.02,1.0,43.762,,11.4
212,2018-11-29,3PM - 7PM,Northeastern University,1.05,1.0,43.852,,11.188
213,2018-11-29,3PM - 7PM,South Station,1.03,1.0,43.82,,11.38
214,2018-11-29,3PM - 7PM,Theatre District,1.04,1.0,43.787,,11.34
215,2018-11-29,3PM - 7PM,West End,1.05,1.0,43.73,,11.372
216,2018-11-29,6AM - 10AM,Back Bay,1.03,1.0,37.744,,10.076
217,2018-11-29,6AM - 10AM,Beacon Hill,1.03,1.0,37.73,,10.089
218,2018-11-29,6AM - 10AM,Boston University,1.02,1.0,37.747,,9.997
219,2018-11-29,6AM - 10AM,Fenway,1.03,1.0,37.578,,10.027
220,2018-11-29,6AM - 10AM,Financial District,1.03,1.0,38.053,,10.152
221,2018-11-29,6AM - 10AM,Haymarket Square,1.04,1.0,37.701,,10.115
222,2018-11-29,6AM - 10AM,North End,1.02,1.0,37.731,,10.128
223,2018-11-29,6AM - 10AM,North Station,1.04,1.0,37.656,,10.093
224,2018-11-29,6AM - 10AM,Northeastern University,1.03,1.0,37.56,,10.071
225,2018-11-29,6AM - 10AM,South Station,1.03,1.0,38.045,,10.16
226,2018-11-29,6AM - 10AM,Theatre District,1.05,1.0,37.571,,10.13
227,2018-11-29,6AM - 10AM,West End,1.02,1.0,37.609,,10.089
228,2018-11-29,7PM - 10PM,Back Bay,1.03,1.0,41.362,,9.962
229,2018-11-29,7PM - 10PM,Beacon Hill,1.02,1.0,41.33,,10.038
230,2018-11-29,7PM - 10PM,Boston University,1.04,1.0,41.315,,9.828
231,2018-11-29,7PM - 10PM,Fenway,1.04,1.0,41.225,,9.842
232,2018-11-29,7PM - 10PM,Financial District,1.02,1.0,41.787,,10.118
233,2018-11-29,7PM - 10PM,Haymarket Square,1.04,1.0,41.3,,10.113
234,2018-11-29,7PM - 10PM,North End,1.02,1.0,41.332,,10.143
235,2018-11-29,7PM - 10PM,North Station,1.01,1.0,41.255,,10.093
236,2018-11-29,7PM - 10PM,Northeastern University,1.02,1.0,41.177,,9.898
237,2018-11-29,7PM - 10PM,South Station,1.04,1.0,41.758,,10.108
238,2018-11-29,7PM - 10PM,Theatre District,1.02,1.0,41.173,,10.057
239,2018-11-29,7PM - 10PM,West End,1.03,1.0,41.202,,10.068
240,2018-11-30,10AM - 3PM,Back Bay,1.02,1.0,32.21,,2.816
241,2018-11-30,10AM - 3PM,Beacon Hill,1.03,1.0,32.13,,2.816
242,2018-11-30,10AM - 3PM,Boston University,1.06,1.0,32.106,,2.754
243,2018-11-30,10AM - 3PM,Fenway,1.03,1.0,32.21,,2.786
244,2018-11-30,10AM - 3PM,Financial District,1.03,1.0,32.354,,2.862
245,2018-11-30,10AM - 3PM,Haymarket Square,1.04,1.0,32.222,,2.836
246,2018-11-30,10AM - 3PM,North End,1.04,1.0,32.24,,2.842
247,2018-11-30,10AM - 3PM,North Station,1.04,1.0,32.232,,2.816
248,2018-11-30,10AM - 3PM,Northeastern University,1.05,1.0,32.26,,2.816
249,2018-11-30,10AM - 3PM,South Station,1.02,1.0,32.366,,2.872
250,2018-11-30,10AM - 3PM,Theatre District,1.04,1.0,32.23,,2.85
251,2018-11-30,10AM - 3PM,West End,1.04,1.0,32.194,,2.816
252,2018-11-30,10PM - 6AM,Back Bay,1.04,1.0,36.741,,5.7
253,2018-11-30,10PM - 6AM,Beacon Hill,1.03,1.0,36.721,,5.709
254,2018-11-30,10PM - 6AM,Boston University,1.03,1.0,36.709,,5.652
255,2018-11-30,10PM - 6AM,Fenway,1.03,1.0,36.598,,5.635
256,2018-11-30,10PM - 6AM,Financial District,1.03,1.0,36.585,,5.71
257,2018-11-30,10PM - 6AM,Haymarket Square,1.02,1.0,36.728,,5.729
258,2018-11-30,10PM - 6AM,North End,1.03,1.0,36.765,,5.699
259,2018-11-30,10PM - 6AM,North Station,1.03,1.0,36.685,,5.682
260,2018-11-30,10PM - 6AM,Northeastern University,1.02,1.0,36.614,,5.663
261,2018-11-30,10PM - 6AM,South Station,1.03,1.0,36.568,,5.744
262,2018-11-30,10PM - 6AM,Theatre District,1.02,1.0,36.636,,5.73
263,2018-11-30,10PM - 6AM,West End,1.04,1.0,36.636,,5.712
264,2018-11-30,3PM - 7PM,Back Bay,1.02,1.0,40.882,,2.438
265,2018-11-30,3PM - 7PM,Beacon Hill,1.02,1.0,40.805,,2.465
266,2018-11-30,3PM - 7PM,Boston University,1.03,1.0,40.842,,2.42
267,2018-11-30,3PM - 7PM,Fenway,1.03,1.0,40.933,,2.412
268,2018-11-30,3PM - 7PM,Financial District,1.03,1.0,40.492,,2.475
269,2018-11-30,3PM - 7PM,Haymarket Square,1.04,1.0,40.885,,2.492
270,2018-11-30,3PM - 7PM,North End,1.03,1.0,40.9,,2.5
271,2018-11-30,3PM - 7PM,North Station,1.03,1.0,40.912,,2.49
272,2018-11-30,3PM - 7PM,Northeastern University,1.05,1.0,40.945,,2.42
273,2018-11-30,3PM - 7PM,South Station,1.04,1.0,40.515,,2.468
274,2018-11-30,3PM - 7PM,Theatre District,1.03,1.0,40.9,,2.458
275,2018-11-30,3PM - 7PM,West End,1.03,1.0,40.875,,2.48
276,2018-11-30,6AM - 10AM,Back Bay,1.02,1.0,30.714,,2.932
277,2018-11-30,6AM - 10AM,Beacon Hill,1.03,1.0,30.696,,2.96
278,2018-11-30,6AM - 10AM,Boston University,1.03,1.0,30.668,,2.854
279,2018-11-30,6AM - 10AM,Fenway,1.03,1.0,30.546,,2.876
280,2018-11-30,6AM - 10AM,Financial District,1.01,1.0,30.686,,3.012
281,2018-11-30,6AM - 10AM,Haymarket Square,1.03,1.0,30.698,,2.992
282,2018-11-30,6AM - 10AM,North End,1.03,1.0,30.726,,3.002
283,2018-11-30,6AM - 10AM,North Station,1.02,1.0,30.656,,2.974
284,2018-11-30,6AM - 10AM,Northeastern University,1.02,1.0,30.572,,2.918
285,2018-11-30,6AM - 10AM,South Station,1.03,1.0,30.672,,3.016
286,2018-11-30,6AM - 10AM,Theatre District,1.03,1.0,30.608,,2.986
287,2018-11-30,6AM - 10AM,West End,1.02,1.0,30.606,,2.964
288,2018-11-30,7PM - 10PM,Back Bay,1.01,1.0,39.697,,3.477
289,2018-11-30,7PM - 10PM,Beacon Hill,1.03,1.0,39.653,,3.387
290,2018-11-30,7PM - 10PM,Boston University,1.04,1.0,39.68,,3.507
291,2018-11-30,7PM - 10PM,Fenway,1.05,1.0,39.577,,3.56
292,2018-11-30,7PM - 10PM,Financial District,1.05,1.0,40.157,,3.393
293,2018-11-30,7PM - 10PM,Haymarket Square,1.03,1.0,39.667,,3.327
294,2018-11-30,7PM - 10PM,North End,1.03,1.0,39.697,,3.313
295,2018-11-30,7PM - 10PM,North Station,1.05,1.0,39.63,,3.313
296,2018-11-30,7PM - 10PM,Northeastern University,1.03,1.0,39.597,,3.567
297,2018-11-30,7PM - 10PM,South Station,1.02,1.0,40.14,,3.427
298,2018-11-30,7PM - 10PM,Theatre District,1.02,1.0,39.597,,3.437
299,2018-11-30,7PM - 10PM,West End,1.03,1.0,39.59,,3.34
300,2018-12-01,10AM - 3PM,Back Bay,1.04,1.0,34.288,,4.894
301,2018-12-01,10AM - 3PM,Beacon Hill,1.03,1.0,34.254,,4.906
302,2018-12-01,10AM - 3PM,Boston University,1.06,1.0,34.024,,4.766
303,2018-12-01,10AM - 3PM,Fenway,1.03,1.0,34.046,,4.79
304,2018-12-01,10AM - 3PM,Financial District,1.06,1.0,34.662,,4.892
305,2018-12-01,10AM - 3PM,Haymarket Square,1.02,1.0,34.238,,4.87
306,2018-12-01,10AM - 3PM,North End,1.04,1.0,34.262,,4.878
307,2018-12-01,10AM - 3PM,North Station,1.04,1.0,34.25,,4.856
308,2018-12-01,10AM - 3PM,Northeastern University,1.04,1.0,34.156,,4.826
309,2018-12-01,10AM - 3PM,South Station,1.02,1.0,34.752,,4.96
310,2018-12-01,10AM - 3PM,Theatre District,1.03,1.0,34.188,,4.872
311,2018-12-01,10AM - 3PM,West End,1.05,1.0,34.2,,4.852
312,2018-12-01,10PM - 6AM,Back Bay,1.03,1.0,36.104,0.002,3.537
313,2018-12-01,10PM - 6AM,Beacon Hill,1.02,1.0,36.151,0.002,3.534
314,2018-12-01,10PM - 6AM,Boston University,1.04,1.0,36.045,,3.553
315,2018-12-01,10PM - 6AM,Fenway,1.04,1.0,35.98,,3.535
316,2018-12-01,10PM - 6AM,Financial District,1.03,1.0,36.073,0.002,3.545
317,2018-12-01,10PM - 6AM,Haymarket Square,1.03,1.0,36.15,0.002,3.535
318,2018-12-01,10PM - 6AM,North End,1.04,1.0,36.171,0.002,3.536
319,2018-12-01,10PM - 6AM,North Station,1.03,1.0,36.095,0.002,3.53
320,2018-12-01,10PM - 6AM,Northeastern University,1.01,1.0,35.994,,3.544
321,2018-12-01,10PM - 6AM,South Station,1.03,1.0,36.02,0.003,3.549
322,2018-12-01,10PM - 6AM,Theatre District,1.05,1.0,36.026,0.004,3.544
323,2018-12-01,10PM - 6AM,West End,1.01,1.0,36.056,0.0,3.532
324,2018-12-01,3PM - 7PM,Back Bay,1.04,1.0,41.535,,1.885
325,2018-12-01,3PM - 7PM,Beacon Hill,1.01,1.0,41.482,,1.878
326,2018-12-01,3PM - 7PM,Boston University,1.02,1.0,41.575,,1.868
327,2018-12-01,3PM - 7PM,Fenway,1.03,1.0,41.55,,1.88
328,2018-12-01,3PM - 7PM,Financial District,1.04,1.0,41.17,,1.895
329,2018-12-01,3PM - 7PM,Haymarket Square,1.03,1.0,41.505,,1.878
330,2018-12-01,3PM - 7PM,North End,1.05,1.0,41.522,,1.88
331,2018-12-01,3PM - 7PM,North Station,1.02,1.0,41.518,,1.872
332,2018-12-01,3PM - 7PM,Northeastern University,1.02,1.0,41.558,,1.892
333,2018-12-01,3PM - 7PM,South Station,1.02,1.0,41.188,,1.9
334,2018-12-01,3PM - 7PM,Theatre District,1.04,1.0,41.502,,1.895
335,2018-12-01,3PM - 7PM,West End,1.02,1.0,41.482,,1.872
336,2018-12-01,6AM - 10AM,Back Bay,1.02,1.0,33.302,,3.978
337,2018-12-01,6AM - 10AM,Beacon Hill,1.03,1.0,33.278,,3.99
338,2018-12-01,6AM - 10AM,Boston University,1.03,1.0,33.26,,3.922
339,2018-12-01,6AM - 10AM,Fenway,1.03,1.0,33.16,,3.94
340,2018-12-01,6AM - 10AM,Financial District,1.02,1.0,33.262,,4.028
341,2018-12-01,6AM - 10AM,Haymarket Square,1.03,1.0,33.298,,4.012
342,2018-12-01,6AM - 10AM,North End,1.03,1.0,33.325,,4.02
343,2018-12-01,6AM - 10AM,North Station,1.02,1.0,33.28,,3.997
344,2018-12-01,6AM - 10AM,Northeastern University,1.03,1.0,33.19,,3.968
345,2018-12-01,6AM - 10AM,South Station,1.02,1.0,33.238,,4.03
346,2018-12-01,6AM - 10AM,Theatre District,1.02,1.0,33.195,,4.01
347,2018-12-01,6AM - 10AM,West End,1.01,1.0,33.23,,3.995
348,2018-12-01,7PM - 10PM,Back Bay,1.02,1.0,41.23,,2.057
349,2018-12-01,7PM - 10PM,Beacon Hill,1.01,1.0,41.183,,2.037
350,2018-12-01,7PM - 10PM,Boston University,1.04,1.0,41.26,,2.037
351,2018-12-01,7PM - 10PM,Fenway,1.08,1.0,41.103,,2.06
352,2018-12-01,7PM - 10PM,Financial District,1.03,1.0,41.537,,2.053
353,2018-12-01,7PM - 10PM,Haymarket Square,1.04,1.0,41.18,,2.033
354,2018-12-01,7PM - 10PM,North End,1.01,1.0,41.21,,2.033
355,2018-12-01,7PM - 10PM,North Station,1.02,1.0,41.14,,2.023
356,2018-12-01,7PM - 10PM,Northeastern University,1.03,1.0,41.067,,2.077
357,2018-12-01,7PM - 10PM,South Station,1.04,1.0,41.5,,2.067
358,2018-12-01,7PM - 10PM,Theatre District,1.02,1.0,41.07,,2.063
359,2018-12-01,7PM - 10PM,West End,1.02,1.0,41.097,,2.027
360,2018-12-02,10AM - 3PM,Back Bay,1.01,1.0,41.216,0.024,6.662
361,2018-12-02,10AM - 3PM,Beacon Hill,1.02,1.0,41.172,0.025,6.698
362,2018-12-02,10AM - 3PM,Boston University,1.01,1.0,41.074,0.028,6.568
363,2018-12-02,10AM - 3PM,Fenway,1.02,1.0,41.176,0.026,6.594
364,2018-12-02,10AM - 3PM,Financial District,1.02,1.0,41.838,0.026,6.76
365,2018-12-02,10AM - 3PM,Haymarket Square,1.03,1.0,41.272,0.026,6.742
366,2018-12-02,10AM - 3PM,North End,1.04,1.0,41.302,0.027,6.756
367,2018-12-02,10AM - 3PM,North Station,1.04,1.0,41.276,0.026,6.722
368,2018-12-02,10AM - 3PM,Northeastern University,1.02,1.0,41.224,0.025,6.636
369,2018-12-02,10AM - 3PM,South Station,1.04,1.0,41.852,0.026,6.762
370,2018-12-02,10AM - 3PM,Theatre District,1.05,1.0,41.262,0.025,6.724
371,2018-12-02,10AM - 3PM,West End,1.03,1.0,41.23,0.025,6.71
372,2018-12-02,10PM - 6AM,Back Bay,1.03,1.0,39.592,,1.941
373,2018-12-02,10PM - 6AM,Beacon Hill,1.04,1.0,39.541,,1.957
374,2018-12-02,10PM - 6AM,Boston University,1.03,1.0,39.499,,1.893
375,2018-12-02,10PM - 6AM,Fenway,1.04,1.0,39.501,,1.908
376,2018-12-02,10PM - 6AM,Financial District,1.01,1.0,39.79,,1.991
377,2018-12-02,10PM - 6AM,Haymarket Square,1.03,1.0,39.578,,1.98
378,2018-12-02,10PM - 6AM,North End,1.04,1.0,39.606,,1.99
379,2018-12-02,10PM - 6AM,North Station,1.02,1.0,39.546,,1.97
380,2018-12-02,10PM - 6AM,Northeastern University,1.04,1.0,39.561,,1.931
381,2018-12-02,10PM - 6AM,South Station,1.03,1.0,39.804,,1.995
382,2018-12-02,10PM - 6AM,Theatre District,1.04,1.0,39.56,,1.975
383,2018-12-02,10PM - 6AM,West End,1.03,1.0,39.508,,1.964
384,2018-12-02,3PM - 7PM,Back Bay,1.04,1.0,46.742,0.005,5.522
385,2018-12-02,3PM - 7PM,Beacon Hill,1.07,1.0,46.72,0.005,5.615
386,2018-12-02,3PM - 7PM,Boston University,1.03,1.0,46.695,0.005,5.338
387,2018-12-02,3PM - 7PM,Fenway,1.02,1.0,46.672,0.005,5.36
388,2018-12-02,3PM - 7PM,Financial District,1.03,1.0,46.68,0.003,5.735
389,2018-12-02,3PM - 7PM,Haymarket Square,1.03,1.0,46.765,0.003,5.717
390,2018-12-02,3PM - 7PM,North End,1.08,1.0,46.795,0.003,5.752
391,2018-12-02,3PM - 7PM,North Station,1.04,1.0,46.745,0.003,5.685
392,2018-12-02,3PM - 7PM,Northeastern University,1.02,1.0,46.743,0.004,5.438
393,2018-12-02,3PM - 7PM,South Station,1.02,1.0,46.762,0.004,5.675
394,2018-12-02,3PM - 7PM,Theatre District,1.02,1.0,46.757,0.004,5.652
395,2018-12-02,3PM - 7PM,West End,1.03,1.0,46.787,0.004,5.612
396,2018-12-02,6AM - 10AM,Back Bay,1.03,1.0,38.562,0.017,2.89
397,2018-12-02,6AM - 10AM,Beacon Hill,1.02,1.0,38.558,0.018,2.923
398,2018-12-02,6AM - 10AM,Boston University,1.03,1.0,38.465,0.013,2.778
399,2018-12-02,6AM - 10AM,Fenway,1.01,1.0,38.382,0.017,2.818
400,2018-12-02,6AM - 10AM,Financial District,1.02,1.0,38.585,0.019,3.005
401,2018-12-02,6AM - 10AM,Haymarket Square,1.03,1.0,38.588,0.019,2.968
402,2018-12-02,6AM - 10AM,North End,1.06,1.0,38.63,0.019,2.988
403,2018-12-02,6AM - 10AM,North Station,1.03,1.0,38.54,0.018,2.942
404,2018-12-02,6AM - 10AM,Northeastern University,1.04,1.0,38.44,0.018,2.875
405,2018-12-02,6AM - 10AM,South Station,1.02,1.0,38.567,0.019,3.018
406,2018-12-02,6AM - 10AM,Theatre District,1.02,1.0,38.495,0.018,2.968
407,2018-12-02,6AM - 10AM,West End,1.01,1.0,38.488,0.018,2.932
408,2018-12-02,7PM - 10PM,Back Bay,1.02,1.0,50.893,,3.32
409,2018-12-02,7PM - 10PM,Beacon Hill,1.01,1.0,50.817,,3.323
410,2018-12-02,7PM - 10PM,Boston University,1.02,1.0,50.813,,3.283
411,2018-12-02,7PM - 10PM,Fenway,1.03,1.0,50.75,,3.303
412,2018-12-02,7PM - 10PM,Financial District,1.03,1.0,51.45,,3.357
413,2018-12-02,7PM - 10PM,Haymarket Square,1.03,1.0,50.81,,3.34
414,2018-12-02,7PM - 10PM,North End,1.01,1.0,50.847,,3.347
415,2018-12-02,7PM - 10PM,North Station,1.03,1.0,50.733,,3.323
416,2018-12-02,7PM - 10PM,Northeastern University,1.01,1.0,50.787,,3.327
417,2018-12-02,7PM - 10PM,South Station,1.03,1.0,51.443,,3.363
418,2018-12-02,7PM - 10PM,Theatre District,1.04,1.0,50.777,,3.343
419,2018-12-02,7PM - 10PM,West End,1.04,1.0,50.71,,3.323
420,2018-12-03,10AM - 3PM,Back Bay,1.04,1.0,49.472,0.004,4.64
421,2018-12-03,10AM - 3PM,Beacon Hill,1.03,1.0,49.336,0.008,4.648
422,2018-12-03,10AM - 3PM,Boston University,1.05,1.0,49.458,0.005,4.568
423,2018-12-03,10AM - 3PM,Fenway,1.02,1.0,49.524,0.004,4.6
424,2018-12-03,10AM - 3PM,Financial District,1.03,1.0,49.694,0.007,4.704
425,2018-12-03,10AM - 3PM,Haymarket Square,1.04,1.0,49.342,0.011,4.67
426,2018-12-03,10AM - 3PM,North End,1.04,1.0,49.352,0.012,4.68
427,2018-12-03,10AM - 3PM,North Station,1.02,1.0,49.326,0.012,4.65
428,2018-12-03,10AM - 3PM,Northeastern University,1.03,1.0,49.534,0.003,4.64
429,2018-12-03,10AM - 3PM,South Station,1.05,1.0,49.724,0.006,4.714
430,2018-12-03,10AM - 3PM,Theatre District,1.03,1.0,49.406,0.006,4.684
431,2018-12-03,10AM - 3PM,West End,1.03,1.0,49.314,0.011,4.648
432,2018-12-03,10PM - 6AM,Back Bay,1.04,1.0,47.204,,4.374
433,2018-12-03,10PM - 6AM,Beacon Hill,1.02,1.0,47.138,,4.39
434,2018-12-03,10PM - 6AM,Boston University,1.03,1.0,47.181,,4.254
435,2018-12-03,10PM - 6AM,Fenway,1.04,1.0,47.116,,4.306
436,2018-12-03,10PM - 6AM,Financial District,1.03,1.0,47.073,,4.476
437,2018-12-03,10PM - 6AM,Haymarket Square,1.02,1.0,47.136,,4.425
438,2018-12-03,10PM - 6AM,North End,1.02,1.0,47.164,,4.442
439,2018-12-03,10PM - 6AM,North Station,1.03,1.0,47.098,,4.394
440,2018-12-03,10PM - 6AM,Northeastern University,1.03,1.0,47.055,,4.371
441,2018-12-03,10PM - 6AM,South Station,1.02,1.0,47.07,,4.494
442,2018-12-03,10PM - 6AM,Theatre District,1.04,1.0,47.101,,4.45
443,2018-12-03,10PM - 6AM,West End,1.03,1.0,47.064,,4.39
444,2018-12-03,3PM - 7PM,Back Bay,1.02,1.0,54.378,,11.722
445,2018-12-03,3PM - 7PM,Beacon Hill,1.04,1.0,54.298,,11.752
446,2018-12-03,3PM - 7PM,Boston University,1.04,1.0,54.335,,11.808
447,2018-12-03,3PM - 7PM,Fenway,1.03,1.0,54.412,,11.742
448,2018-12-03,3PM - 7PM,Financial District,1.04,1.0,54.433,,11.692
449,2018-12-03,3PM - 7PM,Haymarket Square,1.03,1.0,54.358,,11.755
450,2018-12-03,3PM - 7PM,North End,1.04,1.0,54.375,,11.752
451,2018-12-03,3PM - 7PM,North Station,1.04,1.0,54.368,,11.782
452,2018-12-03,3PM - 7PM,Northeastern University,1.03,1.0,54.44,,11.69
453,2018-12-03,3PM - 7PM,South Station,1.03,1.0,54.46,,11.665
454,2018-12-03,3PM - 7PM,Theatre District,1.04,1.0,54.392,,11.688
455,2018-12-03,3PM - 7PM,West End,1.03,1.0,54.342,,11.77
456,2018-12-03,6AM - 10AM,Back Bay,1.04,1.0,45.12,,2.272
457,2018-12-03,6AM - 10AM,Beacon Hill,1.03,1.0,45.048,,2.29
458,2018-12-03,6AM - 10AM,Boston University,1.02,1.0,45.092,,2.202
459,2018-12-03,6AM - 10AM,Fenway,1.03,1.0,45.052,,2.23
460,2018-12-03,6AM - 10AM,Financial District,1.04,1.0,45.075,,2.338
461,2018-12-03,6AM - 10AM,Haymarket Square,1.03,1.0,45.03,,2.32
462,2018-12-03,6AM - 10AM,North End,1.02,1.0,45.055,,2.33
463,2018-12-03,6AM - 10AM,North Station,1.05,1.0,44.978,,2.3
464,2018-12-03,6AM - 10AM,Northeastern University,1.01,1.0,45.075,,2.265
465,2018-12-03,6AM - 10AM,South Station,1.05,1.0,45.08,,2.345
466,2018-12-03,6AM - 10AM,Theatre District,1.03,1.0,45.028,,2.32
467,2018-12-03,6AM - 10AM,West End,1.01,1.0,44.95,,2.295
468,2018-12-03,7PM - 10PM,Back Bay,1.0,1.0,50.893,0.004,7.437
469,2018-12-03,7PM - 10PM,Beacon Hill,1.01,1.0,50.857,0.004,7.463
470,2018-12-03,7PM - 10PM,Boston University,1.02,1.0,50.893,0.004,7.347
471,2018-12-03,7PM - 10PM,Fenway,1.04,1.0,50.797,0.003,7.377
472,2018-12-03,7PM - 10PM,Financial District,1.03,1.0,51.413,0.004,7.53
473,2018-12-03,7PM - 10PM,Haymarket Square,1.04,1.0,50.863,0.004,7.507
474,2018-12-03,7PM - 10PM,North End,1.03,1.0,50.893,0.003,7.523
475,2018-12-03,7PM - 10PM,North Station,1.01,1.0,50.83,0.004,7.487
476,2018-12-03,7PM - 10PM,Northeastern University,1.02,1.0,50.807,0.004,7.417
477,2018-12-03,7PM - 10PM,South Station,1.03,1.0,51.4,0.003,7.533
478,2018-12-03,7PM - 10PM,Theatre District,1.02,1.0,50.79,0.004,7.497
479,2018-12-03,7PM - 10PM,West End,1.03,1.0,50.787,0.004,7.477
480,2018-12-04,10PM - 6AM,Back Bay,1.04,1.0,43.695,,7.787
481,2018-12-04,10PM - 6AM,Beacon Hill,1.04,1.0,43.658,,7.858
482,2018-12-04,10PM - 6AM,Boston University,1.03,1.0,43.718,,7.91
483,2018-12-04,10PM - 6AM,Fenway,1.02,1.0,43.623,,7.878
484,2018-12-04,10PM - 6AM,Financial District,1.03,1.0,43.848,,7.665
485,2018-12-04,10PM - 6AM,Haymarket Square,1.03,1.0,43.607,,7.687
486,2018-12-04,10PM - 6AM,North End,1.03,1.0,43.632,,7.683
487,2018-12-04,10PM - 6AM,North Station,1.03,1.0,43.568,,7.79
488,2018-12-04,10PM - 6AM,Northeastern University,1.02,1.0,43.607,,7.852
489,2018-12-04,10PM - 6AM,South Station,1.02,1.0,43.825,,7.655
490,2018-12-04,10PM - 6AM,Theatre District,1.03,1.0,43.535,,7.672
491,2018-12-04,10PM - 6AM,West End,1.04,1.0,43.53,,7.703
492,2018-12-04,6AM - 10AM,Back Bay,1.03,1.0,,,
493,2018-12-04,6AM - 10AM,Beacon Hill,1.06,1.0,,,
494,2018-12-04,6AM - 10AM,Boston University,1.0,1.0,,,
495,2018-12-04,6AM - 10AM,Fenway,1.0,1.0,,,
496,2018-12-04,6AM - 10AM,Financial District,1.01,1.0,,,
497,2018-12-04,6AM - 10AM,Haymarket Square,1.0,1.0,,,
498,2018-12-04,6AM - 10AM,North End,1.0,1.0,,,
499,2018-12-04,6AM - 10AM,North Station,1.1,1.0,,,
500,2018-12-04,6AM - 10AM,Northeastern University,1.07,1.0,,,
501,2018-12-04,6AM - 10AM,South Station,1.0,1.0,,,
502,2018-12-04,6AM - 10AM,Theatre District,1.02,1.0,,,
503,2018-12-04,6AM - 10AM,West End,1.08,1.0,,,
504,2018-12-09,10PM - 6AM,Back Bay,1.0,1.0,30.865,,5.495
505,2018-12-09,10PM - 6AM,Beacon Hill,1.03,1.0,30.86,,5.54
506,2018-12-09,10PM - 6AM,Boston University,1.01,1.0,30.875,,5.43
507,2018-12-09,10PM - 6AM,Fenway,1.01,1.0,30.84,,5.43
508,2018-12-09,10PM - 6AM,Financial District,1.01,1.0,29.78,,5.575
509,2018-12-09,10PM - 6AM,Haymarket Square,1.02,1.0,30.89,,5.585
510,2018-12-09,10PM - 6AM,North End,1.08,1.0,30.915,,5.595
511,2018-12-09,10PM - 6AM,North Station,1.03,1.0,30.9,,5.575
512,2018-12-09,10PM - 6AM,Northeastern University,1.02,1.0,30.87,,5.455
513,2018-12-09,10PM - 6AM,South Station,1.02,1.0,29.78,,5.575
514,2018-12-09,10PM - 6AM,Theatre District,1.05,1.0,30.88,,5.545
515,2018-12-09,10PM - 6AM,West End,1.03,1.0,30.86,,5.56
516,2018-12-10,10PM - 6AM,Back Bay,1.01,1.0,29.15,,4.945
517,2018-12-10,10PM - 6AM,Beacon Hill,1.02,1.0,29.127,,4.995
518,2018-12-10,10PM - 6AM,Boston University,1.05,1.0,29.15,,4.855
519,2018-12-10,10PM - 6AM,Fenway,1.04,1.0,28.998,,4.853
520,2018-12-10,10PM - 6AM,Financial District,1.05,1.0,28.652,,5.048
521,2018-12-10,10PM - 6AM,Haymarket Square,1.03,1.0,29.147,,5.05
522,2018-12-10,10PM - 6AM,North End,1.03,1.0,29.172,,5.06
523,2018-12-10,10PM - 6AM,North Station,1.01,1.0,29.115,,5.035
524,2018-12-10,10PM - 6AM,Northeastern University,1.03,1.0,29.053,,4.9
525,2018-12-10,10PM - 6AM,South Station,1.06,1.0,28.667,,5.042
526,2018-12-10,10PM - 6AM,Theatre District,1.02,1.0,29.1,,5.01
527,2018-12-10,10PM - 6AM,West End,1.03,1.0,29.06,,5.02
528,2018-12-13,10AM - 3PM,Back Bay,1.01,1.0,21.196,,3.09
529,2018-12-13,10AM - 3PM,Beacon Hill,1.04,1.0,21.186,,3.124
530,2018-12-13,10AM - 3PM,Boston University,1.02,1.0,21.05,,3.032
531,2018-12-13,10AM - 3PM,Fenway,1.03,1.0,20.986,,3.032
532,2018-12-13,10AM - 3PM,Financial District,1.03,1.0,21.638,,3.156
533,2018-12-13,10AM - 3PM,Haymarket Square,1.03,1.0,21.206,,3.16
534,2018-12-13,10AM - 3PM,North End,1.05,1.0,21.25,,3.17
535,2018-12-13,10AM - 3PM,North Station,1.03,1.0,21.122,,3.15
536,2018-12-13,10AM - 3PM,Northeastern University,1.03,1.0,21.034,,3.056
537,2018-12-13,10AM - 3PM,South Station,1.04,1.0,21.622,,3.152
538,2018-12-13,10AM - 3PM,Theatre District,1.03,1.0,21.122,,3.13
539,2018-12-13,10AM - 3PM,West End,1.03,1.0,21.076,,3.138
540,2018-12-13,10PM - 6AM,Back Bay,1.05,1.0,25.587,,4.154
541,2018-12-13,10PM - 6AM,Beacon Hill,1.03,1.0,25.571,,4.179
542,2018-12-13,10PM - 6AM,Boston University,1.06,1.0,25.464,,4.059
543,2018-12-13,10PM - 6AM,Fenway,1.02,1.0,25.459,,4.094
544,2018-12-13,10PM - 6AM,Financial District,1.02,1.0,26.079,,4.246
545,2018-12-13,10PM - 6AM,Haymarket Square,1.05,1.0,25.604,,4.216
546,2018-12-13,10PM - 6AM,North End,1.04,1.0,25.651,,4.23
547,2018-12-13,10PM - 6AM,North Station,1.03,1.0,25.543,,4.191
548,2018-12-13,10PM - 6AM,Northeastern University,1.02,1.0,25.471,,4.14
549,2018-12-13,10PM - 6AM,South Station,1.03,1.0,26.079,,4.253
550,2018-12-13,10PM - 6AM,Theatre District,1.03,1.0,25.554,,4.214
551,2018-12-13,10PM - 6AM,West End,1.02,1.0,25.524,,4.181
552,2018-12-13,3PM - 7PM,Back Bay,1.02,1.0,29.735,,2.308
553,2018-12-13,3PM - 7PM,Beacon Hill,1.03,1.0,29.628,,2.332
554,2018-12-13,3PM - 7PM,Boston University,1.04,1.0,29.622,,2.25
555,2018-12-13,3PM - 7PM,Fenway,1.03,1.0,29.785,,2.265
556,2018-12-13,3PM - 7PM,Financial District,1.02,1.0,29.292,,2.368
557,2018-12-13,3PM - 7PM,Haymarket Square,1.04,1.0,29.735,,2.355
558,2018-12-13,3PM - 7PM,North End,1.02,1.0,29.758,,2.365
559,2018-12-13,3PM - 7PM,North Station,1.03,1.0,29.745,,2.343
560,2018-12-13,3PM - 7PM,Northeastern University,1.02,1.0,29.84,,2.29
561,2018-12-13,3PM - 7PM,South Station,1.01,1.0,29.34,,2.368
562,2018-12-13,3PM - 7PM,Theatre District,1.05,1.0,29.808,,2.352
563,2018-12-13,3PM - 7PM,West End,1.04,1.0,29.708,,2.338
564,2018-12-13,6AM - 10AM,Back Bay,1.04,1.0,20.428,,3.97
565,2018-12-13,6AM - 10AM,Beacon Hill,1.02,1.0,20.42,,4.03
566,2018-12-13,6AM - 10AM,Boston University,1.05,1.0,20.178,,3.86
567,2018-12-13,6AM - 10AM,Fenway,1.05,1.0,20.248,,3.872
568,2018-12-13,6AM - 10AM,Financial District,1.03,1.0,20.605,,4.098
569,2018-12-13,6AM - 10AM,Haymarket Square,1.06,1.0,20.508,,4.093
570,2018-12-13,6AM - 10AM,North End,1.02,1.0,20.555,,4.115
571,2018-12-13,6AM - 10AM,North Station,1.04,1.0,20.44,,4.077
572,2018-12-13,6AM - 10AM,Northeastern University,1.02,1.0,20.38,,3.92
573,2018-12-13,6AM - 10AM,South Station,1.04,1.0,20.588,,4.09
574,2018-12-13,6AM - 10AM,Theatre District,1.03,1.0,20.518,,4.048
575,2018-12-13,6AM - 10AM,West End,1.02,1.0,20.402,,4.055
576,2018-12-13,7PM - 10PM,Back Bay,1.04,1.0,32.177,,1.727
577,2018-12-13,7PM - 10PM,Beacon Hill,1.02,1.0,32.14,,1.747
578,2018-12-13,7PM - 10PM,Boston University,1.05,1.0,32.14,,1.633
579,2018-12-13,7PM - 10PM,Fenway,1.03,1.0,32.037,,1.68
580,2018-12-13,7PM - 10PM,Financial District,1.02,1.0,32.803,,1.823
581,2018-12-13,7PM - 10PM,Haymarket Square,1.04,1.0,32.17,,1.787
582,2018-12-13,7PM - 10PM,North End,1.01,1.0,32.207,,1.803
583,2018-12-13,7PM - 10PM,North Station,1.02,1.0,32.133,,1.76
584,2018-12-13,7PM - 10PM,Northeastern University,1.02,1.0,32.047,,1.73
585,2018-12-13,7PM - 10PM,South Station,1.03,1.0,32.783,,1.837
586,2018-12-13,7PM - 10PM,Theatre District,1.02,1.0,32.077,,1.793
587,2018-12-13,7PM - 10PM,West End,1.03,1.0,32.077,,1.753
588,2018-12-14,10AM - 3PM,Back Bay,1.03,1.0,29.26,,2.972
589,2018-12-14,10AM - 3PM,Beacon Hill,1.01,1.0,29.164,,3.056
590,2018-12-14,10AM - 3PM,Boston University,1.05,1.0,29.03,,2.922
591,2018-12-14,10AM - 3PM,Fenway,1.02,1.0,28.976,,2.934
592,2018-12-14,10AM - 3PM,Financial District,1.03,1.0,30.038,,3.088
593,2018-12-14,10AM - 3PM,Haymarket Square,1.02,1.0,29.292,,3.034
594,2018-12-14,10AM - 3PM,North End,1.03,1.0,29.382,,3.072
595,2018-12-14,10AM - 3PM,North Station,1.06,1.0,29.352,,2.83
596,2018-12-14,10AM - 3PM,Northeastern University,1.05,1.0,29.05,,2.978
597,2018-12-14,10AM - 3PM,South Station,1.01,1.0,29.974,,3.072
598,2018-12-14,10AM - 3PM,Theatre District,1.06,1.0,29.154,,3.04
599,2018-12-14,10AM - 3PM,West End,1.04,1.0,29.17,,3.004
600,2018-12-14,10PM - 6AM,Back Bay,1.02,1.0,32.681,,2.581
601,2018-12-14,10PM - 6AM,Beacon Hill,1.03,1.0,32.771,,2.609
602,2018-12-14,10PM - 6AM,Boston University,1.04,1.0,32.71,,2.55
603,2018-12-14,10PM - 6AM,Fenway,1.04,1.0,32.384,,2.516
604,2018-12-14,10PM - 6AM,Financial District,1.02,1.0,32.735,,2.608
605,2018-12-14,10PM - 6AM,Haymarket Square,1.04,1.0,32.675,,2.601
606,2018-12-14,10PM - 6AM,North End,1.03,1.0,32.718,,2.609
607,2018-12-14,10PM - 6AM,North Station,1.02,1.0,32.579,,2.582
608,2018-12-14,10PM - 6AM,Northeastern University,1.02,1.0,32.45,,2.645
609,2018-12-14,10PM - 6AM,South Station,1.04,1.0,32.735,,2.648
610,2018-12-14,10PM - 6AM,Theatre District,1.03,1.0,32.52,,2.625
611,2018-12-14,10PM - 6AM,West End,1.02,1.0,32.494,,2.606
612,2018-12-14,3PM - 7PM,Back Bay,1.02,1.0,42.243,,3.633
613,2018-12-14,3PM - 7PM,Beacon Hill,1.03,1.0,42.145,,3.652
614,2018-12-14,3PM - 7PM,Boston University,1.03,1.0,42.282,,3.623
615,2018-12-14,3PM - 7PM,Fenway,1.05,1.0,42.375,,3.608
616,2018-12-14,3PM - 7PM,Financial District,1.01,1.0,42.08,,3.657
617,2018-12-14,3PM - 7PM,Haymarket Square,1.03,1.0,42.16,,3.675
618,2018-12-14,3PM - 7PM,North End,1.02,1.0,42.167,,3.677
619,2018-12-14,3PM - 7PM,North Station,1.0,1.0,42.2,,3.675
620,2018-12-14,3PM - 7PM,Northeastern University,1.04,1.0,42.43,,3.61
621,2018-12-14,3PM - 7PM,South Station,1.04,1.0,42.155,,3.65
622,2018-12-14,3PM - 7PM,Theatre District,1.05,1.0,42.29,,3.642
623,2018-12-14,3PM - 7PM,West End,1.02,1.0,42.178,,3.665
624,2018-12-14,6AM - 10AM,Back Bay,1.03,1.0,28.08,,2.205
625,2018-12-14,6AM - 10AM,Beacon Hill,1.02,1.0,28.09,,2.218
626,2018-12-14,6AM - 10AM,Boston University,1.03,1.0,28.0,,2.16
627,2018-12-14,6AM - 10AM,Fenway,1.02,1.0,27.873,,2.172
628,2018-12-14,6AM - 10AM,Financial District,1.03,1.0,28.14,,2.25
629,2018-12-14,6AM - 10AM,Haymarket Square,1.03,1.0,28.175,,2.235
630,2018-12-14,6AM - 10AM,North End,1.03,1.0,28.23,,2.242
631,2018-12-14,6AM - 10AM,North Station,1.02,1.0,28.132,,2.222
632,2018-12-14,6AM - 10AM,Northeastern University,1.03,1.0,27.892,,2.195
633,2018-12-14,6AM - 10AM,South Station,1.0,1.0,28.108,,2.25
634,2018-12-14,6AM - 10AM,Theatre District,1.02,1.0,28.018,,2.232
635,2018-12-14,6AM - 10AM,West End,1.03,1.0,28.055,,2.22
636,2018-12-14,7PM - 10PM,Back Bay,1.03,1.0,41.83,,4.37
637,2018-12-14,7PM - 10PM,Beacon Hill,1.02,1.0,41.68,,4.397
638,2018-12-14,7PM - 10PM,Boston University,1.08,1.0,41.9,,4.327
639,2018-12-14,7PM - 10PM,Fenway,1.04,1.0,41.72,,4.333
640,2018-12-14,7PM - 10PM,Financial District,1.02,1.0,42.413,,4.423
641,2018-12-14,7PM - 10PM,Haymarket Square,1.04,1.0,41.69,,4.423
642,2018-12-14,7PM - 10PM,North End,1.01,1.0,41.737,,4.433
643,2018-12-14,7PM - 10PM,North Station,1.04,1.0,41.66,,4.413
644,2018-12-14,7PM - 10PM,Northeastern University,1.02,1.0,41.683,,4.35
645,2018-12-14,7PM - 10PM,South Station,1.04,1.0,42.397,,4.42
646,2018-12-14,7PM - 10PM,Theatre District,1.05,1.0,41.587,,4.403
647,2018-12-14,7PM - 10PM,West End,1.02,1.0,41.583,,4.407
648,2018-12-15,10AM - 3PM,Back Bay,1.01,1.0,45.868,,4.358
649,2018-12-15,10AM - 3PM,Beacon Hill,1.03,1.0,45.836,,4.398
650,2018-12-15,10AM - 3PM,Boston University,1.02,1.0,46.012,,4.24
651,2018-12-15,10AM - 3PM,Fenway,1.03,1.0,45.818,,4.306
652,2018-12-15,10AM - 3PM,Financial District,1.02,1.0,46.668,,4.424
653,2018-12-15,10AM - 3PM,Haymarket Square,1.02,1.0,46.144,,4.334
654,2018-12-15,10AM - 3PM,North End,1.02,1.0,45.934,,4.446
655,2018-12-15,10AM - 3PM,North Station,1.03,1.0,46.144,,4.332
656,2018-12-15,10AM - 3PM,Northeastern University,1.03,1.0,45.828,,4.318
657,2018-12-15,10AM - 3PM,South Station,1.05,1.0,46.66,0.002,4.412
658,2018-12-15,10AM - 3PM,Theatre District,1.04,1.0,45.868,,4.396
659,2018-12-15,10AM - 3PM,West End,1.0,1.0,45.88,,4.418
660,2018-12-15,10PM - 6AM,Back Bay,1.03,1.0,43.116,,6.222
661,2018-12-15,10PM - 6AM,Beacon Hill,1.03,1.0,43.026,,6.258
662,2018-12-15,10PM - 6AM,Boston University,1.03,1.0,43.13,,6.103
663,2018-12-15,10PM - 6AM,Fenway,1.04,1.0,42.938,,6.145
664,2018-12-15,10PM - 6AM,Financial District,1.02,1.0,44.085,,6.314
665,2018-12-15,10PM - 6AM,Haymarket Square,1.04,1.0,43.022,,6.319
666,2018-12-15,10PM - 6AM,North End,1.02,1.0,43.026,,6.31
667,2018-12-15,10PM - 6AM,North Station,1.03,1.0,42.949,,6.26
668,2018-12-15,10PM - 6AM,Northeastern University,1.05,1.0,42.942,,6.229
669,2018-12-15,10PM - 6AM,South Station,1.03,1.0,44.046,,6.319
670,2018-12-15,10PM - 6AM,Theatre District,1.03,1.0,42.896,,6.288
671,2018-12-15,10PM - 6AM,West End,1.03,1.0,42.899,,6.261
672,2018-12-15,3PM - 7PM,Back Bay,1.03,1.0,50.578,,4.612
673,2018-12-15,3PM - 7PM,Beacon Hill,1.02,1.0,50.448,,4.668
674,2018-12-15,3PM - 7PM,Boston University,1.02,1.0,50.532,,4.545
675,2018-12-15,3PM - 7PM,Fenway,1.05,1.0,50.662,,4.548
676,2018-12-15,3PM - 7PM,Financial District,1.03,1.0,50.408,,4.685
677,2018-12-15,3PM - 7PM,Haymarket Square,1.03,1.0,50.62,,4.682
678,2018-12-15,3PM - 7PM,North End,1.04,1.0,50.605,,4.69
679,2018-12-15,3PM - 7PM,North Station,1.02,1.0,50.692,,4.66
680,2018-12-15,3PM - 7PM,Northeastern University,1.03,1.0,50.745,,4.578
681,2018-12-15,3PM - 7PM,South Station,1.04,1.0,50.462,,4.688
682,2018-12-15,3PM - 7PM,Theatre District,1.02,1.0,50.635,,4.682
683,2018-12-15,3PM - 7PM,West End,1.03,1.0,50.648,,4.655
684,2018-12-15,6AM - 10AM,Back Bay,1.04,1.0,45.74,,6.072
685,2018-12-15,6AM - 10AM,Beacon Hill,1.01,1.0,45.67,,6.135
686,2018-12-15,6AM - 10AM,Boston University,1.04,1.0,45.832,,5.965
687,2018-12-15,6AM - 10AM,Fenway,1.03,1.0,45.55,,5.977
688,2018-12-15,6AM - 10AM,Financial District,1.02,1.0,46.42,,6.198
689,2018-12-15,6AM - 10AM,Haymarket Square,1.05,1.0,45.628,,6.202
690,2018-12-15,6AM - 10AM,North End,1.05,1.0,45.67,,6.21
691,2018-12-15,6AM - 10AM,North Station,1.03,1.0,45.57,,6.185
692,2018-12-15,6AM - 10AM,Northeastern University,1.05,1.0,45.488,,6.018
693,2018-12-15,6AM - 10AM,South Station,1.03,1.0,46.365,,6.188
694,2018-12-15,6AM - 10AM,Theatre District,1.02,1.0,45.42,,6.15
695,2018-12-15,6AM - 10AM,West End,1.03,1.0,45.488,,6.163
696,2018-12-15,7PM - 10PM,Back Bay,1.05,1.0,48.583,,5.573
697,2018-12-15,7PM - 10PM,Beacon Hill,1.01,1.0,48.6,,5.62
698,2018-12-15,7PM - 10PM,Boston University,1.04,1.0,48.65,,5.5
699,2018-12-15,7PM - 10PM,Fenway,1.05,1.0,48.523,,5.507
700,2018-12-15,7PM - 10PM,Financial District,1.03,1.0,49.73,,5.667
701,2018-12-15,7PM - 10PM,Haymarket Square,1.0,1.0,48.643,,5.663
702,2018-12-15,7PM - 10PM,North End,1.02,1.0,48.683,,5.68
703,2018-12-15,7PM - 10PM,North Station,1.03,1.0,48.61,,5.65
704,2018-12-15,7PM - 10PM,Northeastern University,1.04,1.0,48.523,,5.54
705,2018-12-15,7PM - 10PM,South Station,1.02,1.0,49.7,,5.663
706,2018-12-15,7PM - 10PM,Theatre District,1.02,1.0,48.423,,5.63
707,2018-12-15,7PM - 10PM,West End,1.04,1.0,48.527,,5.64
708,2018-12-16,10AM - 3PM,Back Bay,1.03,1.0,40.162,,7.006
709,2018-12-16,10AM - 3PM,Beacon Hill,1.02,1.0,40.198,,7.106
710,2018-12-16,10AM - 3PM,Boston University,1.04,1.0,39.942,,6.922
711,2018-12-16,10AM - 3PM,Fenway,1.04,1.0,40.066,,7.064
712,2018-12-16,10AM - 3PM,Financial District,1.01,1.0,40.834,,7.196
713,2018-12-16,10AM - 3PM,Haymarket Square,1.03,1.0,40.274,,7.152
714,2018-12-16,10AM - 3PM,North End,1.04,1.0,40.276,,7.216
715,2018-12-16,10AM - 3PM,North Station,1.04,1.0,40.162,,7.15
716,2018-12-16,10AM - 3PM,Northeastern University,1.03,1.0,40.074,,6.996
717,2018-12-16,10AM - 3PM,South Station,1.04,1.0,40.838,,7.216
718,2018-12-16,10AM - 3PM,Theatre District,1.02,1.0,40.144,,7.216
719,2018-12-16,10AM - 3PM,West End,1.02,1.0,40.188,,7.164
720,2018-12-16,10PM - 6AM,Back Bay,1.04,1.0,41.329,0.101,7.814
721,2018-12-16,10PM - 6AM,Beacon Hill,1.02,1.0,41.279,0.122,7.86
722,2018-12-16,10PM - 6AM,Boston University,1.03,1.0,41.302,0.104,7.654
723,2018-12-16,10PM - 6AM,Fenway,1.02,1.0,41.121,0.102,7.714
724,2018-12-16,10PM - 6AM,Financial District,1.04,1.0,42.391,0.115,7.988
725,2018-12-16,10PM - 6AM,Haymarket Square,1.03,1.0,41.276,0.125,7.935
726,2018-12-16,10PM - 6AM,North End,1.04,1.0,41.322,0.124,7.94
727,2018-12-16,10PM - 6AM,North Station,1.01,1.0,41.195,0.127,7.863
728,2018-12-16,10PM - 6AM,Northeastern University,1.03,1.0,41.13,0.102,7.825
729,2018-12-16,10PM - 6AM,South Station,1.04,1.0,42.35,0.107,8.036
730,2018-12-16,10PM - 6AM,Theatre District,1.04,1.0,41.16,0.103,7.938
731,2018-12-16,10PM - 6AM,West End,1.03,1.0,41.14,0.126,7.85
732,2018-12-16,3PM - 7PM,Back Bay,1.03,1.0,42.465,0.008,9.692
733,2018-12-16,3PM - 7PM,Beacon Hill,1.03,1.0,42.25,0.007,9.705
734,2018-12-16,3PM - 7PM,Boston University,1.01,1.0,42.24,0.026,9.478
735,2018-12-16,3PM - 7PM,Fenway,1.02,1.0,42.362,0.021,9.593
736,2018-12-16,3PM - 7PM,Financial District,1.02,1.0,42.892,0.005,9.878
737,2018-12-16,3PM - 7PM,Haymarket Square,1.03,1.0,42.35,0.006,9.71
738,2018-12-16,3PM - 7PM,North End,1.04,1.0,42.515,0.006,9.8
739,2018-12-16,3PM - 7PM,North Station,1.03,1.0,42.398,0.008,9.672
740,2018-12-16,3PM - 7PM,Northeastern University,1.04,1.0,42.63,0.014,9.68
741,2018-12-16,3PM - 7PM,South Station,1.03,1.0,42.957,0.004,9.872
742,2018-12-16,3PM - 7PM,Theatre District,1.05,1.0,42.582,0.004,9.79
743,2018-12-16,3PM - 7PM,West End,1.04,1.0,42.512,0.007,9.772
744,2018-12-16,6AM - 10AM,Back Bay,1.02,1.0,39.075,,7.55
745,2018-12-16,6AM - 10AM,Beacon Hill,1.0,1.0,39.065,,7.578
746,2018-12-16,6AM - 10AM,Boston University,1.02,1.0,38.838,,7.34
747,2018-12-16,6AM - 10AM,Fenway,1.04,1.0,38.828,,7.448
748,2018-12-16,6AM - 10AM,Financial District,1.05,1.0,40.24,,7.735
749,2018-12-16,6AM - 10AM,Haymarket Square,1.04,1.0,39.113,,7.59
750,2018-12-16,6AM - 10AM,North End,1.03,1.0,39.198,,7.665
751,2018-12-16,6AM - 10AM,North Station,1.06,1.0,39.037,,7.59
752,2018-12-16,6AM - 10AM,Northeastern University,1.02,1.0,38.97,,7.552
753,2018-12-16,6AM - 10AM,South Station,1.09,1.0,40.23,,7.755
754,2018-12-16,6AM - 10AM,Theatre District,1.01,1.0,39.035,,7.63
755,2018-12-16,6AM - 10AM,West End,1.02,1.0,38.982,,7.705
756,2018-12-16,7PM - 10PM,Back Bay,1.01,1.0,42.45,0.004,10.083
757,2018-12-16,7PM - 10PM,Beacon Hill,1.03,1.0,42.45,0.004,10.17
758,2018-12-16,7PM - 10PM,Boston University,1.01,1.0,42.403,0.003,9.84
759,2018-12-16,7PM - 10PM,Fenway,1.04,1.0,42.237,0.004,10.033
760,2018-12-16,7PM - 10PM,Financial District,1.04,1.0,43.483,0.004,10.33
761,2018-12-16,7PM - 10PM,Haymarket Square,1.03,1.0,42.463,0.004,10.177
762,2018-12-16,7PM - 10PM,North End,1.03,1.0,42.51,0.004,10.22
763,2018-12-16,7PM - 10PM,North Station,1.05,1.0,42.343,0.004,10.117
764,2018-12-16,7PM - 10PM,Northeastern University,1.04,1.0,42.407,0.004,10.123
765,2018-12-16,7PM - 10PM,South Station,1.03,1.0,43.247,0.004,10.28
766,2018-12-16,7PM - 10PM,Theatre District,1.02,1.0,42.373,0.005,10.29
767,2018-12-16,7PM - 10PM,West End,1.05,1.0,42.25,0.004,10.107
768,2018-12-17,10AM - 3PM,Back Bay,1.03,1.0,35.07,0.004,8.174
769,2018-12-17,10AM - 3PM,Beacon Hill,1.03,1.0,35.024,0.005,8.24
770,2018-12-17,10AM - 3PM,Boston University,1.04,1.0,35.104,0.003,8.032
771,2018-12-17,10AM - 3PM,Fenway,1.06,1.0,35.138,0.002,8.098
772,2018-12-17,10AM - 3PM,Financial District,1.04,1.0,35.792,0.008,8.484
773,2018-12-17,10AM - 3PM,Haymarket Square,1.04,1.0,35.096,0.008,8.298
774,2018-12-17,10AM - 3PM,North End,1.02,1.0,35.128,0.008,8.308
775,2018-12-17,10AM - 3PM,North Station,1.04,1.0,35.016,0.007,8.406
776,2018-12-17,10AM - 3PM,Northeastern University,1.03,1.0,35.106,0.003,8.202
777,2018-12-17,10AM - 3PM,South Station,1.04,1.0,35.778,0.008,8.516
778,2018-12-17,10AM - 3PM,Theatre District,1.02,1.0,35.072,0.007,8.3
779,2018-12-17,10AM - 3PM,West End,1.04,1.0,35.018,0.006,8.368
780,2018-12-17,10PM - 6AM,Back Bay,1.03,1.0,39.586,0.021,10.676
781,2018-12-17,10PM - 6AM,Beacon Hill,1.04,1.0,39.655,0.021,10.683
782,2018-12-17,10PM - 6AM,Boston University,1.05,1.0,39.57,0.021,10.438
783,2018-12-17,10PM - 6AM,Fenway,1.02,1.0,39.384,0.028,10.475
784,2018-12-17,10PM - 6AM,Financial District,1.02,1.0,40.526,0.021,10.872
785,2018-12-17,10PM - 6AM,Haymarket Square,1.02,1.0,39.58,0.021,10.832
786,2018-12-17,10PM - 6AM,North End,1.02,1.0,39.624,0.02,10.798
787,2018-12-17,10PM - 6AM,North Station,1.03,1.0,39.495,0.021,10.775
788,2018-12-17,10PM - 6AM,Northeastern University,1.03,1.0,39.392,0.022,10.55
789,2018-12-17,10PM - 6AM,South Station,1.04,1.0,40.438,0.02,10.898
790,2018-12-17,10PM - 6AM,Theatre District,1.04,1.0,39.395,0.021,10.826
791,2018-12-17,10PM - 6AM,West End,1.01,1.0,39.426,0.021,10.72
792,2018-12-17,3PM - 7PM,Back Bay,1.02,1.0,39.288,,6.965
793,2018-12-17,3PM - 7PM,Beacon Hill,1.02,1.0,39.138,,6.92
794,2018-12-17,3PM - 7PM,Boston University,1.02,1.0,39.338,,6.98
795,2018-12-17,3PM - 7PM,Fenway,1.01,1.0,39.458,,6.91
796,2018-12-17,3PM - 7PM,Financial District,1.05,1.0,39.305,,7.015
797,2018-12-17,3PM - 7PM,Haymarket Square,1.04,1.0,39.202,,6.985
798,2018-12-17,3PM - 7PM,North End,1.03,1.0,39.192,,6.942
799,2018-12-17,3PM - 7PM,North Station,1.02,1.0,39.295,,6.945
800,2018-12-17,3PM - 7PM,Northeastern University,1.01,1.0,39.448,,6.972
801,2018-12-17,3PM - 7PM,South Station,1.01,1.0,39.25,,7.02
802,2018-12-17,3PM - 7PM,Theatre District,1.03,1.0,39.185,,6.998
803,2018-12-17,3PM - 7PM,West End,1.05,1.0,39.055,,6.978
804,2018-12-17,6AM - 10AM,Back Bay,1.04,1.0,37.765,0.002,10.495
805,2018-12-17,6AM - 10AM,Beacon Hill,1.02,1.0,37.77,,10.538
806,2018-12-17,6AM - 10AM,Boston University,1.01,1.0,37.705,0.003,10.3
807,2018-12-17,6AM - 10AM,Fenway,1.03,1.0,37.51,0.003,10.372
808,2018-12-17,6AM - 10AM,Financial District,1.04,1.0,38.625,,10.673
809,2018-12-17,6AM - 10AM,Haymarket Square,1.05,1.0,37.758,,10.608
810,2018-12-17,6AM - 10AM,North End,1.06,1.0,37.805,,10.638
811,2018-12-17,6AM - 10AM,North Station,1.03,1.0,37.662,0.002,10.56
812,2018-12-17,6AM - 10AM,Northeastern University,1.05,1.0,37.56,0.003,10.47
813,2018-12-17,6AM - 10AM,South Station,1.03,1.0,38.605,,10.69
814,2018-12-17,6AM - 10AM,Theatre District,1.01,1.0,37.63,,10.618
815,2018-12-17,6AM - 10AM,West End,1.04,1.0,37.602,,10.548
816,2018-12-17,7PM - 10PM,Back Bay,1.05,1.0,40.34,,9.057
817,2018-12-17,7PM - 10PM,Beacon Hill,1.04,1.0,40.29,,9.087
818,2018-12-17,7PM - 10PM,Boston University,1.05,1.0,40.5,,9.037
819,2018-12-17,7PM - 10PM,Fenway,1.05,1.0,40.207,,9.08
820,2018-12-17,7PM - 10PM,Financial District,1.05,1.0,40.853,,9.17
821,2018-12-17,7PM - 10PM,Haymarket Square,1.03,1.0,40.273,,9.133
822,2018-12-17,7PM - 10PM,North End,1.03,1.0,40.32,,9.153
823,2018-12-17,7PM - 10PM,North Station,1.04,1.0,40.217,,9.107
824,2018-12-17,7PM - 10PM,Northeastern University,1.03,1.0,40.14,,9.133
825,2018-12-17,7PM - 10PM,South Station,1.04,1.0,40.757,,9.147
826,2018-12-17,7PM - 10PM,Theatre District,1.05,1.0,40.137,,9.213
827,2018-12-17,7PM - 10PM,West End,1.03,1.0,40.217,,9.177
828,2018-12-18,10AM - 3PM,Back Bay,1.04,1.0,24.934,,15.126
829,2018-12-18,10AM - 3PM,Beacon Hill,1.05,1.0,24.964,,15.164
830,2018-12-18,10AM - 3PM,Boston University,1.04,1.0,24.98,,14.986
831,2018-12-18,10AM - 3PM,Fenway,1.03,1.0,24.79,,15.012
832,2018-12-18,10AM - 3PM,Financial District,1.04,1.0,25.102,,15.274
833,2018-12-18,10AM - 3PM,Haymarket Square,1.03,1.0,24.892,,15.274
834,2018-12-18,10AM - 3PM,North End,1.04,1.0,24.92,,15.298
835,2018-12-18,10AM - 3PM,North Station,1.02,1.0,24.882,,15.242
836,2018-12-18,10AM - 3PM,Northeastern University,1.04,1.0,24.642,,15.058
837,2018-12-18,10AM - 3PM,South Station,1.02,1.0,25.076,,15.264
838,2018-12-18,10AM - 3PM,Theatre District,1.02,1.0,24.784,,15.216
839,2018-12-18,10AM - 3PM,West End,1.04,1.0,24.806,,15.232
840,2018-12-18,10PM - 6AM,Back Bay,1.03,1.0,36.262,0.019,10.015
841,2018-12-18,10PM - 6AM,Beacon Hill,1.02,1.0,36.21,0.04,10.055
842,2018-12-18,10PM - 6AM,Boston University,1.02,1.0,36.272,0.015,9.853
843,2018-12-18,10PM - 6AM,Fenway,1.03,1.0,36.05,0.008,9.867
844,2018-12-18,10PM - 6AM,Financial District,1.07,1.0,36.892,0.032,10.198
845,2018-12-18,10PM - 6AM,Haymarket Square,1.02,1.0,36.198,0.031,10.097
846,2018-12-18,10PM - 6AM,North End,1.04,1.0,36.233,0.028,10.14
847,2018-12-18,10PM - 6AM,North Station,1.02,1.0,36.138,0.032,10.085
848,2018-12-18,10PM - 6AM,Northeastern University,1.05,1.0,36.028,0.005,9.97
849,2018-12-18,10PM - 6AM,South Station,1.05,1.0,36.843,0.027,10.088
850,2018-12-18,10PM - 6AM,Theatre District,1.03,1.0,36.063,0.027,10.13
851,2018-12-18,10PM - 6AM,West End,1.04,1.0,36.078,0.037,10.003
852,2018-12-18,3PM - 7PM,Back Bay,1.05,1.0,29.225,,13.972
853,2018-12-18,3PM - 7PM,Beacon Hill,1.02,1.0,29.09,,14.038
854,2018-12-18,3PM - 7PM,Boston University,1.03,1.0,29.152,,13.817
855,2018-12-18,3PM - 7PM,Fenway,1.01,1.0,29.322,,13.85
856,2018-12-18,3PM - 7PM,Financial District,1.02,1.0,29.5,,14.15
857,2018-12-18,3PM - 7PM,Haymarket Square,1.04,1.0,29.188,,14.12
858,2018-12-18,3PM - 7PM,North End,1.04,1.0,29.195,,14.145
859,2018-12-18,3PM - 7PM,North Station,1.05,1.0,29.22,,14.09
860,2018-12-18,3PM - 7PM,Northeastern University,1.03,1.0,29.335,,13.93
861,2018-12-18,3PM - 7PM,South Station,1.04,1.0,29.507,,14.135
862,2018-12-18,3PM - 7PM,Theatre District,1.03,1.0,29.243,,14.09
863,2018-12-18,3PM - 7PM,West End,1.03,1.0,29.19,,14.068
864,2018-12-18,6AM - 10AM,Back Bay,1.05,1.0,29.92,,14.748
865,2018-12-18,6AM - 10AM,Beacon Hill,1.01,1.0,29.852,,14.825
866,2018-12-18,6AM - 10AM,Boston University,1.03,1.0,29.915,,14.56
867,2018-12-18,6AM - 10AM,Fenway,1.01,1.0,29.755,,14.603
868,2018-12-18,6AM - 10AM,Financial District,1.05,1.0,30.238,,14.947
869,2018-12-18,6AM - 10AM,Haymarket Square,1.03,1.0,29.878,,14.802
870,2018-12-18,6AM - 10AM,North End,1.04,1.0,29.905,,14.952
871,2018-12-18,6AM - 10AM,North Station,1.03,1.0,29.807,,14.88
872,2018-12-18,6AM - 10AM,Northeastern University,1.02,1.0,29.722,,14.69
873,2018-12-18,6AM - 10AM,South Station,1.04,1.0,30.168,,14.935
874,2018-12-18,6AM - 10AM,Theatre District,1.01,1.0,29.718,,14.878
875,2018-12-18,6AM - 10AM,West End,1.03,1.0,29.732,,14.855
876,2018-12-18,7PM - 10PM,Back Bay,1.04,1.0,,,
877,2018-12-18,7PM - 10PM,Beacon Hill,1.0,1.0,,,
878,2018-12-18,7PM - 10PM,Boston University,1.01,1.0,,,
879,2018-12-18,7PM - 10PM,Fenway,1.01,1.0,,,
880,2018-12-18,7PM - 10PM,Financial District,1.0,1.0,,,
881,2018-12-18,7PM - 10PM,Haymarket Square,1.06,1.0,,,
882,2018-12-18,7PM - 10PM,North End,1.02,1.0,,,
883,2018-12-18,7PM - 10PM,North Station,1.0,1.0,,,
884,2018-12-18,7PM - 10PM,Northeastern University,1.02,1.0,,,
885,2018-12-18,7PM - 10PM,South Station,1.0,1.0,,,
886,2018-12-18,7PM - 10PM,Theatre District,1.05,1.0,,,
887,2018-12-18,7PM - 10PM,West End,1.0,1.0,,,
